Original URL,Mapped URL
https://columns.chicken-house.net/2020/11/23/security-talk/,
https://columns.chicken-house.net/2022/03/25/microservices15-api-design/,
https://columns.chicken-house.net/2015/12/26/dnxcore50_01_should_i_run_dotnet_on_linux/,
https://columns.chicken-house.net/2016/06/11/docker-for-window-beta-evaluate/,
https://columns.chicken-house.net/2016/09/05/windows-container-faq/,
https://columns.chicken-house.net/2015/12/27/dnxcore50_02_memfrag_test/,
https://columns.chicken-house.net/2005/03/06/%e6%96%b0-17-lcd-monitor/,https://columns.chicken-house.net/2005/03/06/x31-dual-screen-challenge
https://columns.chicken-house.net/2004/12/15/%e4%b8%89%e5%80%8b%e5%a5%bd%e7%94%a8%e7%9a%84-asp-net-httphandler/,https://columns.chicken-house.net/2004/12/15/three-useful-asp-net-httphandlers
https://columns.chicken-house.net/2004/12/31/%e9%90%b5%e5%bc%97%e9%be%8d%e8%86%a0%e5%b8%b6/,https://columns.chicken-house.net/2005/01/01/teflon-tape
https://columns.chicken-house.net/2005/01/09/text-%e7%9a%84%e7%b7%a8%e8%bc%af%e4%bb%8b%e9%9d%a2%e8%a3%9c%e5%bc%b7-%e8%87%aa%e5%b7%b1%e7%88%bd%e4%b8%80%e4%b8%8b/,https://columns.chicken-house.net/2005/01/09/spam-information
https://columns.chicken-house.net/2005/01/09/spam-information/,
https://columns.chicken-house.net/2005/01/08/%e5%9e%83%e5%9c%be%e8%b3%87%e8%a8%8a/,https://columns.chicken-house.net/2005/01/09/spam-information
https://columns.chicken-house.net/2004/12/22/paint-net-2-0/,
https://columns.chicken-house.net/2005/01/25/%e5%8f%a4%e8%91%a3-12x-cdrw-%e7%b5%82%e6%96%bc%e5%a3%bd%e7%b5%82%e6%ad%a3%e5%af%a2/,https://columns.chicken-house.net/2005/01/25/vintage-12x-cdrw-died
https://columns.chicken-house.net/2005/03/06/%e6%99%b6%e7%89%87%e5%8d%a1%e8%ae%80%e5%8d%a1%e6%a9%9f/,https://columns.chicken-house.net/2005/03/06/x31-dual-screen-challenge
https://columns.chicken-house.net/2005/08/13/canon-powershot-s2-is/,
https://columns.chicken-house.net/2004/12/14/thinkpad-%e8%81%af%e6%83%b3%e5%a2%8a%e5%ad%90-my-god/,https://columns.chicken-house.net/2004/12/14/thinkpad-lenovo-acquisition-shock
https://columns.chicken-house.net/2005/07/04/%e6%84%9b%e9%91%bd%e5%b0%8f%e8%b7%af%e7%9a%84-papago/,https://columns.chicken-house.net/2005/07/04/papago-loves-small-roads
https://columns.chicken-house.net/2005/06/28/%e7%b5%82%e6%96%bc%e8%b2%b7%e4%ba%86-gps/,https://columns.chicken-house.net/2005/06/29/ibm-thinkpad-x111
https://columns.chicken-house.net/2005/06/08/%e6%a9%9f%e5%99%a8%e5%8f%88%e8%a6%81%e8%a8%8e%e9%8c%a2%e4%ba%86/,https://columns.chicken-house.net/2005/06/08/server-asking-for-money-again
https://columns.chicken-house.net/2005/07/02/chickenhouse-web-communityserverextension-%e6%96%b0%e5%8a%9f%e8%83%bd-%e4%b9%8b-2/,https://columns.chicken-house.net/2005/07/03/chickenhouse-web-communityserver-extension-new-features-part-2
https://columns.chicken-house.net/2005/06/08/hash-%e7%9a%84%e5%a6%99%e7%94%a8/,https://columns.chicken-house.net/2005/06/08/server-asking-for-money-again
https://columns.chicken-house.net/2005/03/29/%e5%84%aa%e7%a7%80%e9%9d%92%e5%b9%b4-329-%e4%b8%8d%e6%94%be%e5%81%87/,https://columns.chicken-house.net/2005/03/29/excellent-youth-no-holiday-329
https://columns.chicken-house.net/2005/03/20/%e4%bf%ae%e6%94%b9-community-server-%e7%9a%84-blog-editor-part-ii/,https://columns.chicken-house.net/2005/03/20/modify-community-server-blog-editor-part-ii
https://columns.chicken-house.net/2005/03/27/photo-gallery-%e5%95%9f%e7%94%a8/,https://columns.chicken-house.net/2005/03/27/photo-gallery-enabled
https://columns.chicken-house.net/2006/10/27/%e6%b3%9b%e5%9e%8b-singleton-patterns-ii/,https://columns.chicken-house.net/2006/10/28/asp-net-tips-launch-asp-net-web-sites-without-iis-vs2005
https://columns.chicken-house.net/2005/04/08/%e7%9c%9f%e5%8f%af%e6%83%a1-%e4%b8%8d%e6%83%b3%e7%94%a8-skype-%e4%ba%86/,https://columns.chicken-house.net/2005/04/08/php-python-on-net
https://columns.chicken-house.net/2006/09/25/microsoft-windows-xp-media-center-edition-2005/,
https://columns.chicken-house.net/2006/07/20/%e6%b5%a9%e5%8a%ab%e9%87%8d%e7%94%9f%e7%9a%84-x31/,https://columns.chicken-house.net/2006/07/21/thinkpad-x31-recovery-story
https://columns.chicken-house.net/2006/08/16/windows-live-writer/,
https://columns.chicken-house.net/2006/05/21/cs-control-recent-comments/,
https://columns.chicken-house.net/2006/01/28/%e8%80%81%e9%bc%a0%e7%9a%84%e7%b9%81%e6%ae%96%e5%8a%9b%e7%9c%9f%e5%bc%b7-h/,https://columns.chicken-house.net/2006/01/28/microsoft-mouse-multiplication-story
https://columns.chicken-house.net/2005/12/01/%e5%8f%88%e6%95%97%e5%ae%b6%e4%ba%86-sony-hrem4/,https://columns.chicken-house.net/2005/12/02/another-purchase-sony-hrem4
https://columns.chicken-house.net/2005/12/06/%e6%b0%b4%e9%9b%bb%e5%b7%a5/,https://columns.chicken-house.net/2005/12/06/msdn-visual-studio-add-ins-every-developer-should-download-now
https://columns.chicken-house.net/2005/10/15/%e5%85%b1%e6%8c%af/,https://columns.chicken-house.net/2005/10/15/resonance
https://columns.chicken-house.net/2005/08/19/%e8%a9%b2%e4%be%86%e7%9a%84%e7%b5%82%e6%96%bc%e4%be%86%e4%ba%86/,https://columns.chicken-house.net/2005/08/19/what-was-coming-finally-came
https://columns.chicken-house.net/2006/12/23/%e6%ad%b8%e6%aa%94%e5%b7%a5%e5%85%b7%e6%9b%b4%e6%96%b0-cr2-supported/,
https://columns.chicken-house.net/2006/12/10/%e7%b5%82%e6%96%bc%e5%8d%87%e7%b4%9a%e4%b8%8a%e4%be%86%e4%ba%86/,
https://columns.chicken-house.net/2006/12/10/%e5%8f%88%e4%be%86%e4%ba%86/,
https://columns.chicken-house.net/2006/11/19/ya-community-chicken-house-net-%e6%bb%bf%e5%85%a9%e9%80%b1%e5%b9%b4%e4%ba%86-d/,
https://columns.chicken-house.net/2006/11/15/iq-test/,
https://columns.chicken-house.net/2006/11/04/%e5%b0%8f%e7%b4%85%e9%bb%9e%e7%bc%ba%e6%96%99-lenovo-sucks/,
https://columns.chicken-house.net/2006/11/11/css-%e6%93%8b%e5%8f%b3%e9%8d%b5/,
https://columns.chicken-house.net/2006/11/04/canon-digital-camera-%e8%a8%98%e6%86%b6%e5%8d%a1%e6%ad%b8%e6%aa%94%e5%b7%a5%e5%85%b7-raw-support-update/,
https://columns.chicken-house.net/2006/11/02/canon-digital-camera-%e7%9b%b8%e6%a9%9f%e7%8d%a8%e4%ba%ab-%e8%a8%98%e6%86%b6%e5%8d%a1%e6%ad%b8%e6%aa%94%e5%b7%a5%e5%85%b7/,
https://columns.chicken-house.net/2006/10/29/%e5%88%a9%e7%94%a8-nunitlite-%e5%9c%a8-app_code-%e4%b8%8b%e5%af%ab%e5%96%ae%e5%85%83%e6%b8%ac%e8%a9%a6/,https://columns.chicken-house.net/2006/10/29/using-nunitlite-in-app-code-for-unit-testing
https://columns.chicken-house.net/2007/03/01/%e6%8f%9b%e6%96%b0%e7%89%88%e9%9d%a2%e4%ba%86-d/,
https://columns.chicken-house.net/2007/02/28/%e5%a6%82%e4%bd%95%e5%9c%a8%e5%9f%b7%e8%a1%8c%e6%aa%94-net-%e8%a3%a1%e9%99%84%e5%8a%a0%e9%a1%8d%e5%a4%96%e7%9a%84%e8%b3%87%e6%96%99/,
https://columns.chicken-house.net/2007/02/28/%e6%96%b0%e6%89%8b%e6%a9%9f%e7%9c%9f%e6%98%af%e8%ae%9a-y-iii/,
https://columns.chicken-house.net/2007/02/03/%e6%96%b0%e6%89%8b%e6%a9%9f%e7%9c%9f%e6%98%af%e8%ae%9a-y-ii/,
https://columns.chicken-house.net/2007/02/02/%e6%96%b0%e6%89%8b%e6%a9%9f%e7%9c%9f%e6%98%af%e8%ae%9a-y/,
https://columns.chicken-house.net/2007/01/18/%e7%9a%ae%e5%93%a5%e7%9a%ae%e5%a6%b9%e7%9a%84%e5%b9%b4%e9%bd%a1-user-control/,
https://columns.chicken-house.net/2006/12/31/%e6%95%97%e5%ae%b6%e6%96%b0%e7%9b%ae%e6%a8%99-dopod-c720w/,
https://columns.chicken-house.net/2007/08/22/%e4%b8%8d%e7%94%a8%e5%86%8d%e9%be%9c%e4%ba%86-canon-powershot-g9-%e7%8f%be%e8%ba%ab/,
https://columns.chicken-house.net/2007/07/24/%e6%8e%a8/,
https://columns.chicken-house.net/2007/08/18/%e5%8f%88%e8%ae%8a%e6%88%90%e6%b0%b4%e9%9b%bb%e5%b7%a5%e4%ba%86/,
https://columns.chicken-house.net/2007/06/23/using-vhdmount-with-virtual-pc/,
https://columns.chicken-house.net/2007/05/19/ouch-%e7%82%ba%e4%bb%80%e9%ba%bc%e6%b2%92%e6%9c%89-c720w/,
https://columns.chicken-house.net/2007/06/20/%e9%82%84%e6%98%af%e6%8f%9b%e5%9b%9e-xp-%e4%ba%86/,
https://columns.chicken-house.net/2007/05/19/%e4%b8%80%e5%80%8b%e4%b8%80%e8%90%ac%e5%a4%9a%e7%9a%84%e7%b0%a1%e5%a0%b1%e5%99%a8-orz/,
https://columns.chicken-house.net/2007/05/10/canon-powershot-s5-is-%e5%87%ba%e4%be%86%e4%ba%86/,
https://columns.chicken-house.net/2007/05/05/%e5%81%b7%e5%81%b7%e5%8d%87%e7%b4%9a%e5%88%b0-cs2007/,
https://columns.chicken-house.net/2007/04/24/fiddler-%e8%b7%9f-tfs-%e7%9b%b8%e8%a1%9d%e7%9a%84%e5%95%8f%e9%a1%8c%e8%a7%a3%e6%b1%ba-ii/,
https://columns.chicken-house.net/2007/04/09/%e6%89%8b%e7%99%a2%e4%ba%82%e8%a3%9d-myatm/,
https://columns.chicken-house.net/2007/04/15/wmcmd-vbs-%e5%9c%a8-vista-%e4%b8%8b%e5%9f%b7%e8%a1%8c%e6%9c%83%e5%b0%8e%e8%87%b3-cscript-exe-%e7%99%bc%e7%94%9f%e9%8c%af%e8%aa%a4/,
https://columns.chicken-house.net/2007/04/06/%e5%8e%9f%e4%be%86-system-net-mail-%e4%b9%9f%e6%9c%83%e6%9c%89-bug/,
https://columns.chicken-house.net/2007/04/03/vista-day-4/,
https://columns.chicken-house.net/2007/04/03/canon-raw-codec-for-vista-%e5%87%ba%e4%be%86%e4%ba%86/,
https://columns.chicken-house.net/2008/01/14/%e9%81%b2%e4%be%86%e7%9a%84%e6%ad%a3%e7%be%a9/,
https://columns.chicken-house.net/2007/12/21/%e5%8f%af%e6%83%a1-%e7%ab%9f%e7%84%b6%e5%81%b7%e8%b2%bc%e6%88%91%e7%9a%84%e6%96%87%e7%ab%a0/,
https://columns.chicken-house.net/2007/12/17/threadpool-%e5%af%a6%e4%bd%9c-3-autoresetevent-manualresetevent/,
https://columns.chicken-house.net/2007/12/11/canon-raw-codec-wpf-2-threadpool/,
https://columns.chicken-house.net/2007/12/14/threadpool-%e5%af%a6%e4%bd%9c-1-%e5%9f%ba%e6%9c%ac%e6%a6%82%e5%bf%b5/,
https://columns.chicken-house.net/2007/11/12/%e7%b6%b2%e7%ab%99%e5%8d%87%e7%b4%9a-communityserver-2007-1/,
https://columns.chicken-house.net/2007/11/26/%e5%89%8d%e8%a8%80-canon-raw-codec-1-2-net-framework-3-0-wpf/,
https://columns.chicken-house.net/2007/11/05/canon-g9-%e5%85%a5%e6%89%8b-%e4%b8%8d%e9%81%8e/,
https://columns.chicken-house.net/2007/10/02/%e6%b0%b4%e9%9b%bb%e5%b7%a5%e6%97%a5%e8%aa%8c-5-%e9%85%8d%e6%8e%a5-cable-%e7%b7%9a/,
https://columns.chicken-house.net/2007/10/05/%e6%b0%b4%e9%9b%bb%e5%b7%a5%e6%97%a5%e8%aa%8c-6-%e6%a9%9f%e6%ab%83%e8%a8%ad%e5%82%99%e5%b1%95%e7%a4%ba/,
https://columns.chicken-house.net/2007/09/26/%e6%b0%b4%e9%9b%bb%e5%b7%a5%e6%97%a5%e8%aa%8c-4-%e9%85%8d%e6%8e%a5%e9%9b%bb%e8%a9%b1%e7%b7%9a-%e7%b6%b2%e8%b7%af%e7%b7%9a/,
https://columns.chicken-house.net/2007/09/18/%e6%b0%b4%e9%9b%bb%e5%b7%a5%e6%97%a5%e8%aa%8c-3-%e6%9f%a5%e7%b7%9a-%e6%a8%99%e7%b7%9a/,
https://columns.chicken-house.net/2007/09/14/%e6%b0%b4%e9%9b%bb%e5%b7%a5%e6%97%a5%e8%aa%8c-2-%e8%b3%87%e8%a8%8a%e6%8f%92%e5%ba%a7-%e9%9d%a2%e6%9d%bf/,
https://columns.chicken-house.net/2007/09/12/%e6%b0%b4%e9%9b%bb%e5%b7%a5%e6%97%a5%e8%aa%8c-1-cable-tv-%e9%9d%a2%e6%9d%bf/,
https://columns.chicken-house.net/2008/06/03/run-pc-2008-%e5%85%ad%e6%9c%88%e8%99%9f/,
https://columns.chicken-house.net/2008/05/12/next-ten-years/,
https://columns.chicken-house.net/2008/04/10/canon-cr2-jpeg-%e9%80%9f%e5%ba%a6%e5%8a%a0%e5%80%8d-%e8%a9%b2%e6%8f%9b-core2-quad-%e4%ba%86%e5%98%9b/,
https://columns.chicken-house.net/2008/04/03/run-pc-2008-%e5%9b%9b%e6%9c%88%e8%99%9f/,
https://columns.chicken-house.net/2007/09/11/finally/,
https://columns.chicken-house.net/2008/05/21/flickrproxy-3-%e7%b5%82%e6%96%bc%e6%90%9e%e5%ae%9a%e5%a4%a7%e5%9c%96%e7%b6%b2%e5%9d%80%e9%8c%af%e8%aa%a4%e7%9a%84%e5%95%8f%e9%a1%8c/,
https://columns.chicken-house.net/2008/04/01/botcheck-%e6%94%b9%e7%89%88/,
https://columns.chicken-house.net/2008/03/31/code-formatter-%e6%9b%b4%e6%96%b0-%e8%a4%87%e8%a3%bdcode%e5%8f%8ahtml%e9%a0%90%e8%a6%bd/,
https://columns.chicken-house.net/2008/03/07/wlw-plugins-code-formatter/,
https://columns.chicken-house.net/2008/03/05/tips-%e9%81%a0%e7%ab%af%e6%a1%8c%e9%9d%a2%e9%80%a3%e7%b7%9a%e7%9a%84%e5%b0%8f%e6%8a%80%e5%b7%a7/,
https://columns.chicken-house.net/2008/03/03/memory-management-ii-test-result/,
https://columns.chicken-house.net/2008/03/03/memory-management-iii-net-clr/,
https://columns.chicken-house.net/2008/02/13/%e7%88%bd%e4%b8%80%e4%b8%8b-6gb-ram/,
https://columns.chicken-house.net/2008/02/26/memory-management-i-fragment/,
https://columns.chicken-house.net/2008/02/26/%e5%9b%b0%e9%9b%a3%e9%87%8d%e9%87%8d%e7%9a%84-x64/,
https://columns.chicken-house.net/2008/07/26/x64-programming-2-asp-net-odbc-%e8%ae%80%e5%8f%96-csv/,
https://columns.chicken-house.net/2008/07/10/canon-raw-codec-1-3-released/,
https://columns.chicken-house.net/2008/07/02/blogengine-net-widgets/,
https://columns.chicken-house.net/2008/06/29/blogengine-net-%e6%94%b9%e9%80%a0%e5%b7%a5%e7%a8%8b-%e6%95%b4%e5%90%88-funp-%e6%8e%a8%e6%8e%a8%e7%8e%8b/,
https://columns.chicken-house.net/2008/06/28/%e5%be%88%e6%8a%b1%e6%ad%89%ef%bc%8c%e6%9c%ac%e7%ab%99%e4%b8%8d%e6%ad%a1%e8%bf%8e%e4%be%86%e8%87%aa-%e7%99%be%e5%ba%a6-baidu-com-%e7%9a%84%e8%a8%aa%e5%ae%a2/,
https://columns.chicken-house.net/2008/06/23/%e5%88%a9%e7%94%a8-wpf-%e8%ae%80%e5%8f%96-canon-cr2-%e7%9a%84-exif-%e5%8f%8a%e7%b8%ae%e5%9c%96-c-%e7%af%84%e4%be%8b%e7%a8%8b%e5%bc%8f%e8%aa%aa%e6%98%8e/,
https://columns.chicken-house.net/2008/06/25/bot-checker-%e5%9b%9e%e4%be%86%e4%ba%86/,
https://columns.chicken-house.net/2008/06/22/%e5%8f%88%e8%a2%ab%e7%9b%9c%e6%96%87%e4%ba%86/,
https://columns.chicken-house.net/2008/06/18/ff3-download-day/,
https://columns.chicken-house.net/2008/06/19/%e5%be%9e-communityserver-2007-%e5%88%b0-blogengine-net/,
https://columns.chicken-house.net/2008/06/17/%e6%8f%9b%e5%88%b0-blogengine-net-%e4%ba%86/,
https://columns.chicken-house.net/2008/06/11/canon-raw-codec-for-vista-xp-x64/,
https://columns.chicken-house.net/2008/06/08/%e6%8f%9b%e4%ba%86%e5%9b%9b%e6%a0%b8%e5%bf%83%ef%bc%8cmce%e5%b0%b1%e6%8e%9b%e4%ba%86/,
https://columns.chicken-house.net/2008/10/01/%e8%a9%b2%e5%a6%82%e4%bd%95%e5%ad%b8%e5%a5%bd-%e5%af%ab%e7%a8%8b%e5%bc%8f-2-%e7%82%ba%e4%bb%80%e9%ba%bc-programmer-%e8%a9%b2%e5%ad%b8%e8%b3%87%e6%96%99%e7%b5%90%e6%a7%8b/,
https://columns.chicken-house.net/2008/09/28/google-%e8%ae%93%e4%ba%ba%e8%b6%8a%e4%be%86%e8%b6%8a%e7%ac%a8/,
https://columns.chicken-house.net/2008/09/27/%e8%a9%b2%e5%a6%82%e4%bd%95%e5%ad%b8%e5%a5%bd-%e5%af%ab%e7%a8%8b%e5%bc%8f/,
https://columns.chicken-house.net/2008/09/18/c-yield-return-1-how-it-work/,
https://columns.chicken-house.net/2008/09/27/%e4%bb%a4%e4%ba%ba%e7%81%ab%e5%a4%a7%e7%9a%84-sql-%e5%ad%97%e5%85%83%e7%b7%a8%e7%a2%bc/,
https://columns.chicken-house.net/2008/09/10/%e8%8e%ab%e6%98%8e%e5%a5%87%e5%a6%99%e7%9a%84%e9%8c%af%e8%aa%a4%e8%a8%8a%e6%81%af-%e6%89%be%e4%b8%8d%e5%88%b0-vjsharpcodeprovider/,
https://columns.chicken-house.net/2008/09/06/blogengine-extension-secure-post-v1-0/,
https://columns.chicken-house.net/2008/09/02/run-pc-2008-%e4%b9%9d%e6%9c%88%e8%99%9f/,
https://columns.chicken-house.net/2008/09/02/%e5%a5%bd%e9%85%b7%e7%9a%84%e6%bc%86%e5%bd%88%e9%99%a3%e5%88%97/,
https://columns.chicken-house.net/2008/09/01/%e8%ab%8b%e6%ad%a3%e7%a2%ba%e7%9a%84%e5%bc%95%e7%94%a8%e6%96%87%e7%ab%a0%e5%85%a7%e5%ae%b9/,
https://columns.chicken-house.net/2008/08/28/canon-g9-%e5%ae%b3%e6%88%91%e6%b2%92%e7%9d%a1%e5%a5%bd-%e7%9b%b8%e7%89%87%e8%87%aa%e5%8b%95%e8%bd%89%e6%ad%a3%e7%9a%84%e5%95%8f%e9%a1%8c/,
https://columns.chicken-house.net/2008/08/25/%e6%95%97%e5%ae%b6-htpc/,
https://columns.chicken-house.net/2008/08/15/thread-sync-2-%e5%af%a6%e4%bd%9c%e7%af%87-%e4%ba%92%e7%9b%b8%e7%ad%89%e5%be%85%e7%9a%84%e5%85%a9%e5%80%8b%e5%9f%b7%e8%a1%8c%e7%b7%92/,
https://columns.chicken-house.net/2008/08/22/tips-%e8%b8%a2%e6%8e%89%e9%81%a0%e7%ab%af%e6%a1%8c%e9%9d%a2%e9%80%a3%e7%b7%9a%e7%9a%84%e4%bd%bf%e7%94%a8%e8%80%85/,
https://columns.chicken-house.net/2008/08/14/thread-sync-1-%e6%a6%82%e5%bf%b5%e7%af%87-%e5%a6%82%e4%bd%95%e5%8c%96%e8%a2%ab%e5%8b%95%e7%82%ba%e4%b8%bb%e5%8b%95/,
https://columns.chicken-house.net/2009/03/03/ef3-entity-inheritance/,
https://columns.chicken-house.net/2009/01/21/ef1-%e8%a6%81%e5%ad%b8%e5%a5%bd-entity-framework-%e8%ab%8b%e5%85%88%e5%ad%b8%e5%a5%bd-oop-%e8%b7%9f-c/,
https://columns.chicken-house.net/2009/01/20/%e9%9b%a3%e6%90%9e%e7%9a%84-entity-framework-%e8%b7%a8%e8%b6%8a-context-%e7%9a%84%e6%9f%a5%e8%a9%a2/,
https://columns.chicken-house.net/2008/11/18/policy-injection-application-block-%e5%b0%8f%e7%99%bc%e7%8f%be/,
https://columns.chicken-house.net/2008/12/07/%e5%8e%9f%e4%be%86-net-%e6%97%a9%e5%b0%b1%e5%85%a7%e5%bb%ba-xmlnodewriter-%e4%ba%86/,
https://columns.chicken-house.net/2008/11/06/%e9%87%8d%e7%94%9f%e7%9a%84-ibm-thinkpad-x40/,
https://columns.chicken-house.net/2008/11/03/%e8%a9%b2%e5%a6%82%e4%bd%95%e5%ad%b8%e5%a5%bd-%e5%af%ab%e7%a8%8b%e5%bc%8f-5-%e5%96%84%e7%94%a8-trace-assert/,
https://columns.chicken-house.net/2008/10/20/%e8%a9%b2%e5%a6%82%e4%bd%95%e5%ad%b8%e5%a5%bd-%e5%af%ab%e7%a8%8b%e5%bc%8f-4-%e4%bd%a0%e7%9a%84%e7%a8%8b%e5%bc%8f%e5%a4%a0-%e5%8f%af%e9%9d%a0-%e5%97%8e/,
https://columns.chicken-house.net/2008/10/18/%e7%94%9f%e7%94%a2%e8%80%85-vs-%e6%b6%88%e8%b2%bb%e8%80%85-blockqueue-%e5%af%a6%e4%bd%9c/,
https://columns.chicken-house.net/2008/10/14/ngenerics-datastructure-algorithm-library/,
https://columns.chicken-house.net/2008/10/10/%e7%b5%82%e6%96%bc%e5%8d%87%e9%80%9f%e4%ba%86/,
https://columns.chicken-house.net/2008/10/08/%e8%a9%b2%e5%a6%82%e4%bd%95%e5%ad%b8%e5%a5%bd-%e5%af%ab%e7%a8%8b%e5%bc%8f-3-%e9%80%b2%e9%9a%8e%e6%87%89%e7%94%a8-%e8%b3%87%e6%96%99%e7%b5%90%e6%a7%8b-%e5%95%8f%e9%a1%8c%e5%88%86%e6%9e%90/,
https://columns.chicken-house.net/2008/10/01/%e5%be%97%e7%8d%8e%e4%ba%86-d/,
https://columns.chicken-house.net/2010/02/19/%e5%8d%87%e7%b4%9a%e5%88%b0-blogengine-net-1-6-0-0-%e4%ba%86/,
https://columns.chicken-house.net/2009/09/19/%e8%a8%ad%e8%a8%88%e6%a1%88%e4%be%8b-%e7%94%9f%e5%91%bd%e9%81%8a%e6%88%b2-4-%e6%9c%89%e6%95%88%e7%8e%87%e7%9a%84%e4%bd%bf%e7%94%a8%e5%9f%b7%e8%a1%8c%e7%b7%92/,
https://columns.chicken-house.net/2009/11/22/%e7%b5%82%e6%96%bc%e7%aa%81%e7%a0%b4%e5%96%ae%e6%97%a5-100km-%e4%ba%86-d-%e5%8f%b0%e5%8c%97-%e5%a4%a7%e6%ba%aa/,
https://columns.chicken-house.net/2009/09/15/%e8%a8%ad%e8%a8%88%e6%a1%88%e4%be%8b-%e7%94%9f%e5%91%bd%e9%81%8a%e6%88%b23-%e6%99%82%e5%ba%8f%e7%9a%84%e6%8e%a7%e5%88%b6/,
https://columns.chicken-house.net/2009/09/12/%e8%a8%ad%e8%a8%88%e6%a1%88%e4%be%8b-%e7%94%9f%e5%91%bd%e9%81%8a%e6%88%b21-%e5%89%8d%e8%a8%80/,
https://columns.chicken-house.net/2009/07/21/%e6%8b%bc%e4%ba%86-80%e5%85%ac%e9%87%8c%e9%95%b7%e5%be%81-%e9%97%9c%e6%b8%a1-%e9%b6%af%e6%ad%8c/,
https://columns.chicken-house.net/2009/05/13/555555-%e4%ba%ba%e6%ac%a1%e7%b4%80%e5%bf%b5/,
https://columns.chicken-house.net/2009/05/05/%e9%97%9c%e6%b8%a1%e9%a8%8e%e5%96%ae%e8%bb%8a/,
https://columns.chicken-house.net/2009/04/20/%e5%80%8b%e4%ba%ba%e6%aa%94%e6%a1%88-%e7%89%88%e6%9c%ac%e6%8e%a7%e5%88%b6/,
https://columns.chicken-house.net/2013/04/14/%e8%99%95%e7%90%86%e5%a4%a7%e5%9e%8b%e8%b3%87%e6%96%99%e7%9a%84%e6%8a%80%e5%b7%a7-async-await/,
https://columns.chicken-house.net/2011/10/25/code-linq-to-object-%e6%9b%bf%e7%89%a9%e4%bb%b6%e5%8a%a0%e4%b8%8a%e7%b4%a2%e5%bc%95/,
https://columns.chicken-house.net/2011/01/03/code-%e5%8f%af%e4%bb%a5%e8%bc%b8%e5%87%ba%e5%88%b0-textbox-%e7%9a%84-textwriter-textboxwriter/,
https://columns.chicken-house.net/2010/11/06/extension-methods-%e7%9a%84%e6%87%89%e7%94%a8-save-dataset-as-excel-file/,
https://columns.chicken-house.net/2010/04/05/run-pc-2010-%e5%9b%9b%e6%9c%88%e8%99%9f-%e7%94%9f%e7%94%a2%e8%80%85vs%e6%b6%88%e8%b2%bb%e8%80%85-%e5%9f%b7%e8%a1%8c%e7%b7%92%e7%9a%84%e4%be%9b%e9%9c%80%e5%95%8f%e9%a1%8c/,
https://columns.chicken-house.net/2010/03/11/tips-%e7%94%a8-%e7%a3%81%e7%a2%9f%e9%8f%a1%e5%83%8f-%e6%9b%b4%e6%8f%9b%e7%a1%ac%e7%a2%9f-2-windows-2003-%e7%9a%84%e8%b7%a8%e8%b7%9d%e7%a3%81%e5%8d%80/,
https://columns.chicken-house.net/2010/03/06/tips-%e7%94%a8-%e7%a3%81%e7%a2%9f%e9%8f%a1%e5%83%8f-%e7%84%a1%e7%97%9b%e6%9b%b4%e6%8f%9b%e7%a1%ac%e7%a2%9f/,
https://columns.chicken-house.net/2015/10/13/docker-%e5%88%9d%e9%ab%94%e9%a9%97-synology-dsm-%e4%b8%8a%e9%9d%a2%e6%9e%b6%e8%a8%ad-wordpress-redmine-reverse-proxy/,
https://columns.chicken-house.net/2015/10/31/coreclr-helloworld-consoleapp/,
https://columns.chicken-house.net/2015/12/29/dnxcore50_04_linux_and_summary/,
https://columns.chicken-house.net/2016/05/05/archview-net-open-source/,
https://columns.chicken-house.net/2008/10/01/%E8%A9%B2%E5%A6%82%E4%BD%95%E5%AD%B8%E5%A5%BD-%E5%AF%AB%E7%A8%8B%E5%BC%8F-2-%E7%82%BA%E4%BB%80%E9%BA%BC-programmer-%E8%A9%B2%E5%AD%B8%E8%B3%87%E6%96%99%E7%B5%90%E6%A7%8B/,
https://columns.chicken-house.net/2008/09/27/%E8%A9%B2%E5%A6%82%E4%BD%95%E5%AD%B8%E5%A5%BD-%E5%AF%AB%E7%A8%8B%E5%BC%8F/,
https://columns.chicken-house.net/2007/09/14/%E6%B0%B4%E9%9B%BB%E5%B7%A5%E6%97%A5%E8%AA%8C-2-%E8%B3%87%E8%A8%8A%E6%8F%92%E5%BA%A7-%E9%9D%A2%E6%9D%BF/,
https://columns.chicken-house.net/2008/08/22/tips-%E8%B8%A2%E6%8E%89%E9%81%A0%E7%AB%AF%E6%A1%8C%E9%9D%A2%E9%80%A3%E7%B7%9A%E7%9A%84%E4%BD%BF%E7%94%A8%E8%80%85/,
https://columns.chicken-house.net/2006/12/24/background-thread-in-asp-net/,
https://columns.chicken-house.net/2013/04/14/%E8%99%95%E7%90%86%E5%A4%A7%E5%9E%8B%E8%B3%87%E6%96%99%E7%9A%84%E6%8A%80%E5%B7%A7-async-await/,
https://columns.chicken-house.net/2015/12/28/dnxcore50_03_windows_server_2016/,
https://columns.chicken-house.net/2016/01/15/dnxcore50_05_compute_pi_test/,
https://columns.chicken-house.net/2016/04/09/build2016_csharp7_preview/,
https://columns.chicken-house.net/2016/02/29/labs_docker_cloud_with_azure/,
https://columns.chicken-house.net/2016/02/24/casestudy_license_03_digital_signature/,
https://columns.chicken-house.net/2016/02/07/buy_minipc_server/,
https://columns.chicken-house.net/2016/04/29/rancher-on-azure-lab/,
https://columns.chicken-house.net/2015/12/03/casestudy-nginx-as-reverseproxy/,
https://columns.chicken-house.net/2016/04/03/docker-toolbox-under-vm/,
https://columns.chicken-house.net/2015/11/01/synology-nas-docker-run-net-core-clr-console-app/,
https://columns.chicken-house.net/2007/12/14/threadpool-%E5%AF%A6%E4%BD%9C-1-%E5%9F%BA%E6%9C%AC%E6%A6%82%E5%BF%B5/,
https://columns.chicken-house.net/2016/02/17/casestudy_license_01_requirement/,
https://columns.chicken-house.net/2015/10/13/docker-%E5%88%9D%E9%AB%94%E9%A9%97-synology-dsm-%E4%B8%8A%E9%9D%A2%E6%9E%B6%E8%A8%AD-wordpress-redmine-reverse-proxy/,
https://columns.chicken-house.net/2006/12/06/volume-shadow-copy-service/,
https://columns.chicken-house.net/2015/11/06/apache-rewritemap-urlmapping-case-study/,
https://columns.chicken-house.net/2016/03/12/cpu_sinewave/,
https://columns.chicken-house.net/2016/02/24/casestudy_license_02_serialization/,
https://columns.chicken-house.net/2009/04/17/runpc-%e7%b2%be%e9%81%b8%e6%96%87%e7%ab%a0-%e9%81%8b%e7%94%a8threadpool%e7%99%bc%e6%8f%aecpu%e9%81%8b%e7%ae%97%e8%83%bd%e5%8a%9b/,
https://columns.chicken-house.net/2009/01/16/runpc-%e7%b2%be%e9%81%b8%e6%96%87%e7%ab%a0-%e7%94%9f%e7%94%a2%e7%b7%9a%e6%a8%a1%e5%bc%8f%e7%9a%84%e5%a4%9a%e5%9f%b7%e8%a1%8c%e7%b7%92%e6%87%89%e7%94%a8/,
https://columns.chicken-house.net/2016/03/19/casestudy_license_03_appendix_key_management/,
https://columns.chicken-house.net/2009/09/14/%e8%a8%ad%e8%a8%88%e6%a1%88%e4%be%8b-%e7%94%9f%e5%91%bd%e9%81%8a%e6%88%b22-oop%e7%89%88%e7%9a%84%e7%af%84%e4%be%8b%e7%a8%8b%e5%bc%8f/,
https://columns.chicken-house.net/2007/12/12/%e5%b9%b3%e8%a1%8c%e8%99%95%e7%90%86%e7%9a%84%e6%8a%80%e8%a1%93%e6%bc%94%e9%80%b2/,
https://columns.chicken-house.net/2008/09/21/c-yield-return-2-%e5%8f%a6%e9%a1%9e%e7%9a%84%e6%87%89%e7%94%a8-thread-sync-%e6%9b%bf%e4%bb%a3%e6%96%b9%e6%a1%88/,
https://columns.chicken-house.net/2008/01/19/msdn-magazine-%e9%96%b1%e8%ae%80%e5%bf%83%e5%be%97-stream-pipeline/,
https://columns.chicken-house.net/2016/09/07/microservice-case-study-01/,
https://columns.chicken-house.net/2008/08/22/%e4%b8%96%e7%b4%80%e6%9c%ab%e8%bb%9f%e9%ab%94%e9%9d%a9%e5%91%bd%e5%be%a9%e5%88%bb%e7%89%88/,
https://columns.chicken-house.net/2008/11/04/run-pc-2008-%e5%8d%81%e4%b8%80%e6%9c%88%e8%99%9f/,
https://columns.chicken-house.net/2010/07/09/run-pc-2010-%e4%b8%83%e6%9c%88%e8%99%9f-%e7%b5%90%e5%90%88%e6%aa%94%e6%a1%88%e5%8f%8a%e8%b3%87%e6%96%99%e5%ba%ab%e7%9a%84%e4%ba%a4%e6%98%93%e8%99%95%e7%90%86/,
https://columns.chicken-house.net/2009/01/23/ef2-entity-encapsulation/,
https://columns.chicken-house.net/2013/03/12/azure-multi-tenancy-application-1-%e8%a8%ad%e8%a8%88%e6%a6%82%e5%bf%b5/,
https://columns.chicken-house.net/2015/12/06/net-core-running-net-core-rc1-on-docker/,
https://columns.chicken-house.net/2007/02/16/web-site-application-sandcastle/,
https://columns.chicken-house.net/2008/10/31/%e9%97%9c%e4%b8%8d%e6%8e%89%e7%9a%84-vista-uac/,
https://columns.chicken-house.net/2007/12/17/threadpool-%e5%af%a6%e4%bd%9c-2-%e7%a8%8b%e5%bc%8f%e7%a2%bc-c/,
https://columns.chicken-house.net/2006/10/29/%e6%9b%bf-app_code-%e7%9b%ae%e9%8c%84%e4%b8%8b%e7%9a%84-code-%e5%af%ab%e5%96%ae%e5%85%83%e6%b8%ac%e8%a9%a6/,https://columns.chicken-house.net/2006/10/29/using-nunitlite-in-app-code-for-unit-testing
https://columns.chicken-house.net/2009/12/19/%e8%a8%ad%e8%a8%88%e6%a1%88%e4%be%8b-%e6%b8%85%e9%99%a4cache%e7%89%a9%e4%bb%b6-1-%e5%95%8f%e9%a1%8c%e8%88%87%e4%bd%9c%e6%b3%95/,
https://columns.chicken-house.net/2009/12/19/%e8%a8%ad%e8%a8%88%e6%a1%88%e4%be%8b-%e6%b8%85%e9%99%a4cache%e7%89%a9%e4%bb%b6-2-create-custom-cachedependency/,
https://columns.chicken-house.net/2015/10/24/%e7%b5%82%e6%96%bc%e6%90%9e%e5%ae%9a-ubuntu-server-15-10/,
https://columns.chicken-house.net/2009/08/16/hvremote-hyper-v-remote-management-configuration-utility/,
https://columns.chicken-house.net/2009/09/29/%e9%9b%bb%e8%85%a6%e6%99%82%e9%90%98%e8%b6%8a%e4%be%86%e8%b6%8a%e6%85%a2/,
https://columns.chicken-house.net/2016/09/15/microservice-case-study-01/,
https://columns.chicken-house.net/2005/03/08/%e9%82%aa%e6%83%a1%e7%9a%84-google/,https://columns.chicken-house.net/2005/03/09/evil-google
https://columns.chicken-house.net/2008/07/23/x86-x64-%e5%82%bb%e5%82%bb%e5%88%86%e4%b8%8d%e6%b8%85%e6%a5%9a/,
https://columns.chicken-house.net/2005/03/06/x31-%e9%9b%99%e8%9e%a2%e5%b9%95%e7%9a%84%e6%8c%91%e6%88%b0-_/,https://columns.chicken-house.net/2005/03/06/x31-dual-screen-challenge
https://columns.chicken-house.net/2007/08/15/%e5%81%9c%e6%a9%9f%e5%85%ac%e5%91%8a-2/,
https://columns.chicken-house.net/2016/09/16/blog-as-code/,
https://columns.chicken-house.net/2016/09/17/blog-as-code/,
https://columns.chicken-house.net/2006/02/26/ipod-%e9%a0%98%e5%b8%b6/,https://columns.chicken-house.net/2006/02/27/ipod-tie-accessory
https://columns.chicken-house.net/2009/10/08/%e5%8e%9f%e4%be%86%e5%9c%a8%e5%ae%b6%e8%a3%9d-server-%e7%9a%84%e9%ad%94%e4%ba%ba%e9%82%84%e7%9c%9f%e4%b8%8d%e5%b0%91/,
https://columns.chicken-house.net/2007/04/23/fiddler-%e8%b7%9f-tfs-%e7%9b%b8%e8%a1%9d%e7%9a%84%e5%95%8f%e9%a1%8c%e8%a7%a3%e6%b1%ba-i/,
https://columns.chicken-house.net/2016/09/19/run-jekyll-on-nas/,
https://columns.chicken-house.net/2016/09/20/run-jekyll-on-nas/,
https://columns.chicken-house.net/2010/03/18/txf-1-%e5%88%9d%e6%8e%a2-transactional-ntfs/,
https://columns.chicken-house.net/2016/09/20/jekyll-on-nas/,
https://columns.chicken-house.net/2007/12/11/canon-raw-codec-wpf-1-wpf-image-codec-metadata/,
https://columns.chicken-house.net/2010/03/23/txf-2-%e5%85%88%e4%bd%9c%e5%8a%9f%e8%aa%b2-%e7%86%9f%e6%82%89-pinvoke-%e5%8f%8a-win32-%e6%aa%94%e6%a1%88%e8%99%95%e7%90%86/,
https://columns.chicken-house.net/2008/07/25/x64-programming-1-%e7%92%b0%e5%a2%83%e8%ae%8a%e6%95%b8%e5%8f%8a%e7%89%b9%e6%ae%8a%e7%9b%ae%e9%8c%84/,
https://columns.chicken-house.net/2008/08/12/%e5%8e%9f%e4%be%86%e6%98%af-ipv6-%e6%90%9e%e7%9a%84%e9%ac%bc/,
https://columns.chicken-house.net/2009/10/03/%e8%a8%ad%e8%a8%88%e6%a1%88%e4%be%8b-%e7%94%9f%e5%91%bd%e9%81%8a%e6%88%b2-6-%e6%8a%bd%e5%83%8f%e5%8c%96-abstraction/,
https://columns.chicken-house.net/2008/04/04/%e6%90%ad%e9%85%8d-codeformatter%ef%bc%8c%e7%b6%b2%e7%ab%99%e9%a0%88%e8%a6%81%e9%85%8d%e5%90%88%e7%9a%84%e8%a8%ad%e5%ae%9a/,
https://columns.chicken-house.net/2011/10/30/linq-to-object-2-indexes-for-objects/,
https://columns.chicken-house.net/2006/01/29/pentium-d-920-%e6%97%a9%e8%a9%b2%e6%8f%9b%e4%ba%86-y/,https://columns.chicken-house.net/2006/01/29/pentium-d-920-upgrade-finally
https://columns.chicken-house.net/2004/12/15/%e5%a4%a7%e5%b7%a5%e7%a8%8b-60gb-%e7%9a%84-dv-avi-%e5%a3%93%e6%88%90-wmv/,https://columns.chicken-house.net/2004/12/15/three-useful-asp-net-httphandlers
https://columns.chicken-house.net/2004/12/26/3d-studio-%e4%bd%9c%e5%93%81-%e8%b7%b3%e5%8b%95%e7%9a%84%e6%aa%af%e7%87%88/,https://columns.chicken-house.net/2004/12/26/3d-studio-animated-desk-lamp
https://columns.chicken-house.net/2004/12/18/3d-studio-%e4%bd%9c%e5%93%81/,https://columns.chicken-house.net/2004/12/18/3d-studio-artwork
https://columns.chicken-house.net/2006/02/13/%e6%88%91%e7%9a%84%e7%a1%ac%e7%a2%9f%e5%88%b0%e5%ba%95%e8%a6%81%e5%8a%a0%e5%a4%9a%e5%a4%a7-%e6%89%8d%e6%9c%83%e9%a1%af%e7%a4%ba%e9%80%99%e8%a8%8a%e6%81%af/,https://columns.chicken-house.net/2006/02/14/hard-disk-space-message-question
https://columns.chicken-house.net/2016/10/02/microservice2/,
https://columns.chicken-house.net/2008/12/07/%e5%8e%9f%e4%be%86-system-xml-xmlwellformedwriter-%e6%9c%89-bug/,
https://columns.chicken-house.net/2009/09/17/%e8%a8%ad%e8%a8%88%e6%a1%88%e4%be%8b-login-with-ssl/,
https://columns.chicken-house.net/2016/10/03/microservice2/,
https://columns.chicken-house.net/2016/10/04/2016mvp/,
https://columns.chicken-house.net/2006/11/17/canon-digital-camera-%e8%a8%98%e6%86%b6%e5%8d%a1%e6%ad%b8%e6%aa%94%e5%b7%a5%e5%85%b7-release-notes/,
https://columns.chicken-house.net/2016/10/09/microservice3/,
https://columns.chicken-house.net/2016/09/18/template/,
https://columns.chicken-house.net/2016/10/03/microservice3/,
https://columns.chicken-house.net/2016/10/10/microservice3/,
https://columns.chicken-house.net/2008/12/10/xmlwellformedwriter-writeraw-%e7%9a%84-bug-%e5%be%8c%e7%ba%8c%e7%99%bc%e5%b1%95/,
https://columns.chicken-house.net/2016/10/11/microsoft-mvp-award-get/,
https://columns.chicken-house.net/2016/10/12/microsoft-mvp-award-get/,
https://columns.chicken-house.net/2016/10/15/microservice4-apisdk2/,
https://columns.chicken-house.net/2007/02/18/ie7-%e7%b5%82%e6%96%bc%e5%8d%87%e7%b4%9a%e6%88%90%e5%8a%9f%e4%ba%86/,
https://columns.chicken-house.net/2005/04/04/x31-dvi-output/,
https://columns.chicken-house.net/2006/12/29/background-thread-in-asp-net-ii/,
https://columns.chicken-house.net/2013/03/21/azure-multi-tenancy-application-3-%e8%b3%87%e6%96%99%e5%b1%a4%e5%af%a6%e4%bd%9c%e6%a1%88%e4%be%8b/,
https://columns.chicken-house.net/2013/03/17/azure-multi-tenancy-application-2-%e8%b3%87%e6%96%99%e5%b1%a4%e7%9a%84%e9%81%b8%e6%93%87/,
https://columns.chicken-house.net/2009/09/24/%e8%a8%ad%e8%a8%88%e6%a1%88%e4%be%8b-%e7%94%9f%e5%91%bd%e9%81%8a%e6%88%b2-5-%e4%b8%ad%e5%a0%b4%e4%bc%91%e6%81%af/,
https://columns.chicken-house.net/2008/05/19/flickrproxy-2-%e5%af%a6%e4%bd%9c/,
https://columns.chicken-house.net/2008/11/01/%e4%b9%9f%e6%98%af-%e7%94%9f%e7%94%a2%e8%80%85-%e6%b6%88%e8%b2%bb%e8%80%85/,
https://columns.chicken-house.net/2006/10/26/%e6%b3%9b%e5%9e%8b-singleton-patterns/,https://columns.chicken-house.net/2006/10/26/generic-singleton-patterns
https://columns.chicken-house.net/2016/10/15/techsummit-netcore-demo/,
https://columns.chicken-house.net/2016/10/23/microservice4-apisdk2/,
https://columns.chicken-house.net/2016/10/23/microservice4/,
https://columns.chicken-house.net/2016/10/25/microsoft-mvp-award-get/,
https://columns.chicken-house.net/2016/10/31/microservice5/,
https://columns.chicken-house.net/2016/11/30/microservice6/,
https://columns.chicken-house.net/2016/11/30/microservice5-1/,
https://columns.chicken-house.net/2008/02/12/%e5%86%8d%e5%ba%a6%e6%8f%9b%e8%a3%9d-vista-vista-ultimate-x64/,
https://columns.chicken-house.net/2007/02/02/%e7%b8%bd%e7%ae%97%e6%90%ac%e5%ae%8c%e4%ba%86/,
https://columns.chicken-house.net/2007/09/06/%e5%81%9c%e6%a9%9f%e6%90%ac%e5%ae%b6%e4%ba%86-d/,
https://columns.chicken-house.net/2008/09/27/msdn-magazine-%e5%8d%81%e6%9c%88%e8%99%9f%e7%ab%9f%e7%84%b6%e4%b8%8b%e6%9e%b6%e4%ba%86/,
https://columns.chicken-house.net/2007/03/30/%e4%be%bf%e5%ae%9c%e7%9a%84-sata-%e5%85%89%e7%a2%9f%e6%a9%9f/,
https://columns.chicken-house.net/2006/05/21/%e6%96%b0%e9%8d%b5%e7%9b%a4/,https://columns.chicken-house.net/2006/05/21/cs-control-recent-comments
https://columns.chicken-house.net/2005/04/05/x31-%e6%8f%9b%e6%96%b0%e6%ae%bc/,https://columns.chicken-house.net/2005/04/05/x31-new-case-replacement
https://columns.chicken-house.net/2016/11/27/microservice6/,
https://columns.chicken-house.net/2016/12/05/api-token/,
https://columns.chicken-house.net/2016/12/05/microservice7-apitoken/,
https://columns.chicken-house.net/2016/12/01/microservice7-apitoken/,
https://columns.chicken-house.net/2005/02/21/usb-bluetooth-dongle/,
https://columns.chicken-house.net/2008/06/21/blogengine-net-%e6%94%b9%e9%80%a0%e5%b7%a5%e7%a8%8b-cs2007-%e8%b3%87%e6%96%99%e5%8c%af%e5%85%a5/,
https://columns.chicken-house.net/2007/03/12/%e5%a6%82%e4%bd%95%e9%80%8f%e9%81%8e%e5%91%bd%e4%bb%a4%e5%88%97-%e5%be%9e%e6%89%8b%e6%a9%9f%e6%90%ac%e6%aa%94%e6%a1%88%e5%88%b0%e9%9b%bb%e8%85%a6/,
https://columns.chicken-house.net/2007/02/12/generic-type-%e7%9a%84%e7%b9%bc%e6%89%bf/,
https://columns.chicken-house.net/2008/08/14/%e8%a9%b1%e9%a1%8c%e4%ba%ba%e7%89%a9/,
https://columns.chicken-house.net/2008/07/06/blogengine-extension-postviewcount-1-0/,
https://columns.chicken-house.net/2017/01/05/webserverclock-release/,
https://columns.chicken-house.net/2008/05/05/%e5%81%9c%e6%a9%9f%e5%85%ac%e5%91%8a/,
https://columns.chicken-house.net/2007/02/22/network-bridge-in-windows-2003/,
https://columns.chicken-house.net/2007/02/07/windows-live-writer-plugin-%e8%99%95%e5%a5%b3%e4%bd%9c/,
https://columns.chicken-house.net/2007/03/01/spam-comments-and-captcha/,
https://columns.chicken-house.net/2007/08/29/windows-live-writer-beta2-%e6%96%b0%e7%89%88/,
https://columns.chicken-house.net/2017/01/15/docker-networks/,
https://columns.chicken-house.net/2004/12/19/%e9%9d%a0-css-%e9%99%a4%e6%8e%89%e8%a8%8e%e5%8e%ad%e7%9a%84%e5%bb%a3%e5%91%8a/,https://columns.chicken-house.net/2004/12/19/remove-annoying-ads-with-css
https://columns.chicken-house.net/2007/02/13/%e4%ba%ba%e7%94%9f%ef%bd%b5%ef%be%9c%ef%be%80%ef%bc%bco%ef%bc%8f%e3%81%ae%e5%a4%a7%e5%86%92%e9%99%ba/,
https://columns.chicken-house.net/2017/01/31/leetcode-tdd/,
https://columns.chicken-house.net/2017/01/31/leetcode1-tdd/,
https://columns.chicken-house.net/2017/01/30/leetcode1-tdd/,
https://columns.chicken-house.net/2017/01/30/leetcode2-assert/,
https://columns.chicken-house.net/2017/01/31/leetcode2-assert/,
https://columns.chicken-house.net/2005/04/08/php-python-on-net/,
https://columns.chicken-house.net/2006/11/11/ie6-%e7%b8%ae%e6%94%be%e7%b6%b2%e9%a0%81-using-css-htc/,
https://columns.chicken-house.net/2010/05/05/run-pc-2010-%e4%ba%94%e6%9c%88%e8%99%9f-txf%e8%ae%93%e6%aa%94%e6%a1%88%e7%b3%bb%e7%b5%b1%e4%b9%9f%e8%83%bd%e9%81%94%e5%88%b0%e4%ba%a4%e6%98%93%e6%8e%a7%e5%88%b6/,
https://columns.chicken-house.net/2007/03/27/vista-%e5%88%9d%e9%ab%94%e9%a9%97-disk%e7%af%87/,
https://columns.chicken-house.net/2006/11/18/digital-camera-filer-source-code-update/,
https://columns.chicken-house.net/2006/10/31/%e6%96%b0%e7%a1%ac%e7%a2%9f-hitachi-travelstar-5k160/,
https://columns.chicken-house.net/2017/04/15/microservice8-case-study/,
https://columns.chicken-house.net/2008/07/07/%e7%82%ba%e4%bb%80%e9%ba%bc%e4%b8%80%e5%a0%86%e6%8e%a8%e6%96%87%e7%9a%84%e6%8c%89%e9%88%95%e9%83%bd%e4%b8%8d%e8%a6%8b%e4%ba%86/,
https://columns.chicken-house.net/2009/08/05/jpeg-xr-%e5%b0%b1%e6%98%af-microsoft-hd-photo-%e5%95%a6-%e5%b7%b2%e7%b6%93%e6%98%af-iso-%e6%ad%a3%e5%bc%8f%e6%a8%99%e6%ba%96%e4%ba%86/,
https://columns.chicken-house.net/2017/05/20/microservice8-case-study-p2/,
https://columns.chicken-house.net/2017/05/31/aspnet-msa-labs1/,
https://columns.chicken-house.net/2017/05/28/aspnet-msa-labs1/,
https://columns.chicken-house.net/2006/02/03/%e6%8f%9b%e6%96%b0%e7%b3%bb%e7%b5%b1%e4%ba%86-cs-2-0-beta-3/,https://columns.chicken-house.net/2006/02/03/community-server-2-0-beta-3-upgrade
https://columns.chicken-house.net/2005/02/12/community-server/,
https://columns.chicken-house.net/2008/05/16/flickrproxy-1-overview/,
https://columns.chicken-house.net/2008/06/03/flickrproxy-4-%e4%bf%ae%e6%ad%a3%e5%90%8c%e6%ad%a5%e4%b8%8a%e5%82%b3%e7%9a%84%e5%95%8f%e9%a1%8c/,
https://columns.chicken-house.net/2005/04/04/community-server-%e6%94%b9%e9%80%a0%e5%b7%a5%e7%a8%8b/,https://columns.chicken-house.net/2005/04/04/x31-dvi-output
https://columns.chicken-house.net/2017/07/25/wc-swarm-labs-1/,
https://columns.chicken-house.net/2005/03/19/%e4%bf%ae%e6%94%b9-community-server-%e7%9a%84-blog-editor/,https://columns.chicken-house.net/2005/03/19/modify-community-server-blog-editor
https://columns.chicken-house.net/2007/02/25/%e9%9b%bb%e8%85%a6%e4%b9%9f%e8%a6%81%e9%81%8e%e5%b9%b4/,
https://columns.chicken-house.net/2017/10/04/lcow/,
https://columns.chicken-house.net/2005/03/18/text-upgrade/,
https://columns.chicken-house.net/2007/02/17/community-server-2007-beta-1-available-now/,
https://columns.chicken-house.net/2005/12/06/msdn-visual-studio-add-ins-every-developer-should-download-now/,
https://columns.chicken-house.net/2004/12/16/freetextbox-3-0-released/,
https://columns.chicken-house.net/2006/09/25/canon-powershot-g7-%e5%87%ba%e7%8f%be%e4%ba%86/,https://columns.chicken-house.net/2006/09/25/canon-powershot-g7-released
https://columns.chicken-house.net/2004/12/17/%e4%bb%bb%e6%84%8f%e6%94%be%e5%a4%a7%e7%b8%ae%e5%b0%8f%e7%b6%b2%e9%a0%81%e7%9a%84%e5%85%a7%e5%ae%b9/,https://columns.chicken-house.net/2004/12/17/zoom-webpage-content-with-css
https://columns.chicken-house.net/2006/12/09/%e5%8d%87%e7%b4%9a%e5%a4%b1%e6%95%97-orz/,
https://columns.chicken-house.net/2007/02/13/%e5%a5%bd%e6%a8%a3%e7%9a%84%e5%a4%9a%e6%99%ae%e9%81%94/,
https://columns.chicken-house.net/2005/06/30/chickenhouse-web-communityserviceextension-%e6%96%b0%e5%a2%9e%e5%8a%9f%e8%83%bd/,https://columns.chicken-house.net/2005/06/30/chickenhouse-web-communityserver-extension-new-features
https://columns.chicken-house.net/2006/11/11/%e6%b2%92%e7%b6%b2%e8%b7%af/,
https://columns.chicken-house.net/2008/06/18/%e6%8f%9b%e8%a8%82%e9%96%b1%e7%9a%84%e7%b6%b2%e5%9d%80%e4%ba%86/,
https://columns.chicken-house.net/2008/08/29/%e5%8d%87%e7%b4%9a%e5%88%b0-blogengine-net-1-4-5-0-%e4%ba%86/,
https://columns.chicken-house.net/2006/12/10/cs-2-1-sp2-metaweblog-api-newmediaobject-method-support/,
https://columns.chicken-house.net/2019/01/01/microservice12-mqrpc/,
https://columns.chicken-house.net/2019/06/01/nested-query/,
https://columns.chicken-house.net/2019/06/15/netcli-pipeline/,
https://columns.chicken-house.net/2019/06/20/netcli-tips/,
https://columns.chicken-house.net/2019/07/06/pipeline-practices/,
https://columns.chicken-house.net/2019/08/30/scheduling-practices/,
https://columns.chicken-house.net/2019/12/12/home-networking/,
https://columns.chicken-house.net/2007/03/27/%e5%8d%87%e7%b4%9a-vista/,
https://columns.chicken-house.net/2020/02/09/process-pool/,
https://columns.chicken-house.net/2020/03/10/interview-abstraction/,
https://columns.chicken-house.net/2004/12/16/battlestar-galactica/,
https://columns.chicken-house.net/2005/06/29/ibm-thinkpad-x111/,
https://columns.chicken-house.net/2006/10/28/asp-net-tips-launch-asp-net-web-sites-without-iis-vs2005/,
https://columns.chicken-house.net/2005/08/19/what-was-coming-finally-came/,
https://columns.chicken-house.net/2005/07/04/papago-loves-small-roads/,
https://columns.chicken-house.net/2005/06/30/chickenhouse-web-communityserver-extension-new-features/,
https://columns.chicken-house.net/2004/12/14/thinkpad-lenovo-acquisition-shock/,
https://columns.chicken-house.net/2004/12/15/three-useful-asp-net-httphandlers/,
